,0,1
233,0.004255137607622591,-9.997489349585715e-05
362,-1.2821144261300403e-05,-2.0676783964988294e-05
847,0.0003979537287393251,0.00010875774250186753
17964,8.89428163753765e-05,0.00015056420890047095
17997,8.470011076758927e-05,0.0001433820882128277
18018,8.89428163753765e-05,0.00015056420890047095
18038,8.89428163753765e-05,0.00015056420890047095
18088,8.470011076758927e-05,0.0001433820882128277
18121,6.961699093684088e-05,0.00014521207423964246
18130,6.961699093684088e-05,0.00014521207423964246
18135,7.681968142247907e-05,0.00013004196993473066
18143,6.934453112367917e-05,0.00011738791458247772
18160,8.89428163753765e-05,0.00015056420890047095
18168,8.470011076758927e-05,0.0001433820882128277
18174,0.0011696986919571312,0.0006999910637101406
18181,5.816459110052097e-05,9.846233125198272e-05
18183,9.061676603264701e-05,0.00018772594335739298
18190,6.462338347767618e-05,0.00010939587947272588
18198,8.470011076758927e-05,0.0001433820882128277
18213,6.934453112367917e-05,0.00011738791458247772
18243,9.357122242959447e-05,0.00015839924954335672
18286,6.961699093684088e-05,0.00014521207423964246
18290,0.000671844556415081,0.00019580484443257806
18315,6.934453112367917e-05,0.00011738791458247772
20368,-1.2882119560257238e-05,-2.1806659601043846e-05
21345,-1.2842096636797253e-05,-2.1064951290753256e-05
21452,-1.2842096636797253e-05,-2.1064951290753256e-05
31990,0.00014776564476265842,0.00025014044437873865
32025,0.00014776564476265842,0.00025014044437873865
32033,0.00019680912539747525,0.00033316204177989754
32038,0.00019680912539747525,0.00033316204177989754
32123,0.00012842111768558936,0.00021739371600383396
34071,-1.2704047599234235e-05,-1.8507340923347046e-05
34132,-1.2457972946958056e-05,-2.1088696362884096e-05
34392,-1.2882128102950725e-05,-2.180667665330721e-05
34397,-1.2457972946958056e-05,-2.1088696362884096e-05
34517,-1.2457972946958056e-05,-2.1088696362884096e-05
35199,-1.2457972946958056e-05,-2.1088696362884096e-05
38541,-1.288212403009101e-05,-2.1806693292164256e-05
41333,-1.2882107859460395e-05,-2.1806563351177344e-05
41351,-6.916006977812596e-06,-1.949523198422971e-05
42002,-1.2882131816860861e-05,-2.1806702806300096e-05
42315,-1.2882132843330128e-05,-2.1806709697115292e-05
42467,0.00012062343835922751,4.306499396545062e-05
42630,-1.2882133318125368e-05,-2.1806712754628323e-05
42642,0.00012062343835922751,4.306499396545062e-05
42662,-4.159346136862769e-06,-4.147490932087509e-06
64544,0.0002456997885810665,0.007995095680735325
64554,-9.838827663506243e-06,0.00011834619433402139
64693,0.0002456997885810665,0.007995095680735325
64712,0.0002456997885810665,0.007995095680735325
64719,0.004941185158996216,0.0018685345069780071
64904,-1.2882122145485845e-05,-2.1806626421555277e-05
65127,-1.2882130312341814e-05,-2.1806675846887994e-05
66797,-1.2732735887465164e-05,-1.9038816816717562e-05
66964,-1.2732735887465164e-05,-1.9038816816717562e-05
67304,-1.2882132617405525e-05,-2.1806717564452126e-05
67563,-1.2882132854303208e-05,-2.1806716544138014e-05
69591,-1.2882128510431537e-05,-2.180669633759718e-05
69724,-1.2882105359695636e-05,-2.180659763414189e-05
70445,-1.2882128427020691e-05,-2.1806693810346036e-05
70589,8.671160963249334e-05,0.0030659343636666855
71059,-9.645344502960357e-06,-1.135664834945951e-05
71128,-9.099998590587345e-06,-9.595983606994e-06
71131,2.0273658593834244e-05,3.4319273144214516e-05
71176,-9.171250785765194e-06,-9.826023339623566e-06
71344,1.060726594767673e-06,1.7956988280888324e-06
71402,-5.15891233369234e-06,3.1279445698284943e-06
71508,-9.11191488704908e-06,-9.634455708031042e-06
71563,5.1932219400522e-06,8.791248265497877e-06
71659,-8.845059203530566e-06,-8.772904566567245e-06
71674,2.4198349531908355e-05,-7.657832006498497e-06
71680,1.88640897278002e-05,3.1933160844376976e-05
71788,2.2957356920703554e-05,3.886207410514213e-05
72011,2.2360032112070787e-05,3.785092769901272e-05
72036,-9.099998590587345e-06,-9.595983606994e-06
72042,-8.845059203530566e-06,-8.772904566567245e-06
72048,5.1932219400522e-06,8.791248265497877e-06
72091,9.851036019208993e-05,0.00020875428948573686
72361,-1.2882113387111684e-05,-2.180649466309715e-05
591817,0.0002163692608425492,-2.9331514067435742e-05
591861,0.0002005391219815793,4.60190910896339e-05
592766,-1.2594118892152679e-05,-1.6470539314698223e-05
593380,9.45259534582956e-05,1.232784304120183e-05
593405,9.810527682248634e-05,2.4356514427217545e-05
593680,3.42520869284618e-06,5.798283735564484e-06
593690,9.21238557579471e-05,1.156445043077122e-05
593804,8.707794769693462e-05,9.960848326606053e-06
593828,2.209754641197927e-06,3.7407684569286536e-06
593932,1.2690228330896302e-05,3.112092707397456e-05
593943,1.6977085413249577e-05,2.8738841108841845e-05
593950,8.350642613806937e-05,0.00014136014668321518
594031,5.801276520589512e-05,7.238612002050028e-07
594168,9.951564739464433e-05,2.49431328378636e-05
594466,8.287328222061812e-05,0.00014028812681943947
594522,5.6540545705998514e-05,9.571205049043087e-05
595675,6.237494409651362e-05,0.00010558852450767008
595691,0.0001259632100823091,0.00021323078936071456
595722,3.7050428765124235e-05,6.271993568416929e-05
595799,9.98039469915174e-05,0.00016894836897503394
597860,2.485316051191739e-05,4.207137347741064e-05
598003,4.0652352898409134e-05,6.881615476515413e-05
598091,0.0002050080002466578,0.0003470364907498552
598106,8.056302341550006e-05,0.00013637670646394944
602801,8.430970284498159e-05,0.0001427196055997157
602810,9.510868718944405e-05,0.0001609994106647244
603334,3.4368074615349876e-05,5.81782312243205e-05
605522,0.0005348990221037427,0.0001522794971258014
611903,0.0003110908043811553,0.000526619916712534
611921,0.00014910437591388612,0.0002524066701283587
611922,0.0003110908043811553,0.000526619916712534
611940,0.0007696623074500926,0.00022688785181837479
612023,-1.2882096853054893e-05,-2.1806571993254245e-05
612359,-1.1542559589307105e-05,-1.95390830636139e-05
612423,2.3631666457254016e-05,5.376664544647645e-05
612429,1.6444612974929008e-05,3.8891453793492086e-05
612520,0.000189002859274253,4.23581916775805e-05
612592,-1.2546748639023642e-05,-1.559302320323219e-05
612633,0.0005300962294115439,0.0008973469392430764
612698,5.1420856537260585e-05,8.704501945892425e-05
612746,1.618736082374247e-05,3.8359013752319e-05
612847,-1.2882126230612597e-05,-2.180666797538585e-05
612869,3.5103998275521795e-05,7.751116535620691e-05
612911,0.0005300962294115439,0.0008973469392430764
612988,1.618736082374247e-05,3.8359013752319e-05
613161,3.2534574575214925e-05,5.507449041170705e-05
613318,-1.1892772385967866e-05,-3.47678301686341e-06
613599,1.1627198801330948e-05,1.9682542161441717e-05
613814,1.7729435778701118e-05,3.001236416475909e-05
613892,-1.0839609787771608e-05,-1.7579260344924925e-05
613998,1.230522853217266e-05,2.0830299242527166e-05
614000,2.8476049855883697e-05,4.820416688653297e-05
614051,2.0345809091134828e-05,3.444134493995657e-05
614328,-1.2758462061815646e-05,-1.9515477225425896e-05
614433,6.372263114462739e-05,0.000136743735396388
614435,0.0001449236906790249,0.00030480725378679056
614454,8.03274026495669e-05,0.00016689521321016376
614526,0.00010096665488165479,0.00020867920680438378
614604,-1.2881836965685591e-05,-2.1803493174384646e-05
615067,-1.2882076407148986e-05,-2.1806093120632788e-05
615882,2.1852085288528488e-05,3.6991170735767537e-05
615896,2.5985218631965206e-05,4.3987714900759546e-05
615897,3.817149416952533e-05,6.461657148983964e-05
615914,2.1852085288528488e-05,3.6991170735767537e-05
615930,0.0003726895650420997,0.0001385649373222767
615948,0.00022742858404070122,7.814623071700252e-05
615975,2.033708600322713e-05,3.442658872769506e-05
616042,2.321249844703914e-05,3.9294070244507226e-05
616053,2.321249844703914e-05,3.9294070244507226e-05
616071,0.00020292489880106179,4.677722444978685e-05
616072,2.9474556754059487e-05,4.9894446246988784e-05
616083,0.00013141430429360724,2.40510040501858e-05
616134,2.1612730445316563e-05,4.9588012271345805e-05
616149,2.2647578479276794e-05,5.172985842216819e-05
616165,2.5717388198332178e-05,5.808350641177111e-05
616176,2.2647578479276794e-05,5.172985842216819e-05
616197,4.650609150271713e-05,7.872532954181508e-05
616215,0.00022742858404070122,7.814623071700252e-05
616222,2.2647578479276794e-05,5.172985842216819e-05
616284,2.185210060551825e-05,3.6995118299690486e-05
616288,2.1612730445316563e-05,4.9588012271345805e-05
616300,3.970310652286183e-05,6.720927600318005e-05
616325,2.0840421875973392e-05,3.528244018815748e-05
616326,3.0199106492956753e-05,5.112102030274144e-05
616349,2.687537004568278e-05,6.04802051357167e-05
616382,2.321249844703914e-05,3.9294070244507226e-05
616393,0.0001296652568201287,2.349515300957536e-05
616398,3.3669594821154014e-05,5.69958476974175e-05
616402,3.817149416952533e-05,6.461657148983964e-05
616405,2.084040700511043e-05,3.5278607602052585e-05
616414,0.0002553552633384745,0.0009278765728407978
616459,0.0002553552633384745,0.0009278765728407978
616463,2.2647578479276794e-05,5.172985842216819e-05
616475,2.2647578479276794e-05,5.172985842216819e-05
616528,0.0002501818005928984,0.00042353164113371046
616552,6.8428479334366e-05,0.00011583621221404501
616572,4.674565122815868e-05,7.913143538477441e-05
616610,3.077164414617148e-05,5.209057327298759e-05
616629,4.609347239154572e-05,7.80274244811507e-05
616655,3.1838706063339044e-05,5.389689988964498e-05
616687,6.260664013036155e-05,0.0001059809798766311
616721,5.591915560404368e-05,9.466037972773136e-05
616777,5.1314411782048574e-05,8.68654512472576e-05
616791,5.1351179019783525e-05,8.692769097212558e-05
616817,5.219439653101976e-05,8.835509289667427e-05
616852,6.8428479334366e-05,0.00011583621221404501
616928,5.219439653101976e-05,8.835509289667427e-05
616947,6.260664013036155e-05,0.0001059809798766311
616993,3.0009197326961727e-05,5.079954290089488e-05
616994,2.5916970794048903e-05,4.387223980483041e-05
616995,2.576782285843592e-05,4.3619762834693556e-05
617001,3.325319368843786e-05,5.629096568937868e-05
617006,2.7158413907299903e-05,4.597374925276662e-05
617007,0.0002020276765233,4.649215741712243e-05
617009,3.909206666573123e-05,6.617498421274745e-05
617010,2.5737107662920145e-05,4.3567768286669064e-05
617013,0.00025217329170928304,6.24285583690581e-05
617014,3.119576014115795e-05,5.280815121970312e-05
617019,0.005095998966041707,0.0019275981194150052
617021,-7.431261209782099e-06,-1.2579499595722655e-05
617023,2.6541239475017987e-05,4.492899908530334e-05
617025,-7.999270501181151e-06,-1.3541024451604161e-05
617026,1.9247373023240193e-05,3.258197400071781e-05
617037,1.1773310008671063e-05,1.992991296631743e-05
617041,1.7476060312361103e-05,2.958350362585392e-05
617053,3.909206666573123e-05,6.617498421274745e-05
617056,0.000313178104545381,8.181603928335354e-05
617062,0.0003352838805890182,8.884130976968649e-05
617063,1.5289390501940614e-05,2.5881918577722548e-05
617067,2.621350455832574e-05,4.437421085820228e-05
617070,3.909206666573123e-05,6.617498421274745e-05
617071,2.8440891961366372e-05,4.8144722468231736e-05
617077,2.5563972634679783e-05,4.327468607151785e-05
617085,4.799588277753795e-05,8.12473250086526e-05
617086,0.000246976127001277,6.07768865271064e-05
617090,1.5167435857659268e-05,2.567547429168048e-05
617095,4.882691593710235e-05,8.265409429008949e-05
617103,0.00044360217804482674,0.00012326513351348844
617104,1.656991426412307e-05,2.804958357647243e-05
617106,0.00019233061276859568,4.341040649077927e-05
617113,3.227083064399028e-05,5.4628025843666555e-05
617114,5.978459639222504e-05,0.00010120320762288105
617115,2.8257234081880684e-05,4.783382721672369e-05
617119,0.0001910066596651195,4.298965090885445e-05
617120,2.7279749167825006e-05,4.617914504870734e-05
617121,2.110099830505117e-05,3.57197827340219e-05
617122,6.7525652913783806e-06,1.1430818367100652e-05
617125,0.0001910066596651195,4.298965090885445e-05
617132,2.2332271131309836e-05,3.780407596481979e-05
617135,2.6387262939372366e-05,4.466834828224529e-05
617143,2.6541239475017987e-05,4.492899908530334e-05
617146,3.116246901559486e-05,5.275179614861166e-05
617149,1.5256765692646915e-05,2.5826691443884512e-05
617152,0.00019050198447187334,4.2829263879993844e-05
617156,2.2332271131309836e-05,3.780407596481979e-05
617157,2.2460323504972097e-05,3.802084246036802e-05
617159,1.126488721641669e-05,1.906925709730166e-05
617161,4.08644581043257e-05,6.917528065314864e-05
617164,3.745455379241167e-05,6.34030096150661e-05
617167,2.6387262939372366e-05,4.466834828224529e-05
617174,0.00019050198447187334,4.2829263879993844e-05
617181,3.909206666573123e-05,6.617498421274745e-05
617182,2.621350455832574e-05,4.437421085820228e-05
617184,0.0002776665972331897,7.053039413101591e-05
617188,3.909206666573123e-05,6.617498421274745e-05
617199,1.1773310008671063e-05,1.992991296631743e-05
617278,8.30114424407148e-05,3.958781990989583e-06
617355,-1.288210865158691e-05,-2.180654066322799e-05
617546,-1.2436928531257798e-05,-1.3558381424600728e-05
617839,-1.2436928531257798e-05,-1.3558381424600728e-05
617870,0.0007564703391685106,-4.705884926250961e-05
618473,4.64821341154358e-05,7.868607907905778e-05
618539,0.0024770309827875287,0.0007694970515151135
618654,5.472963677166423e-05,9.26475849964068e-05
618794,3.371453607840214e-05,5.707192406024153e-05
622549,-1.2882131090131939e-05,-2.1806687503862282e-05
622710,-1.2882109794282105e-05,-2.1806532018932812e-05
622746,-1.2882132901480573e-05,-2.180670901500571e-05
622874,-1.2882131090131939e-05,-2.1806687503862282e-05
622929,-1.2882131090131939e-05,-2.1806687503862282e-05
622986,-1.2882133148673105e-05,-2.1806710757468307e-05
623218,-1.2882131090131939e-05,-2.1806687503862282e-05
623417,0.0010787911607480728,-5.763909651516956e-05
623697,0.00010166753568319381,0.00021527908074389144
623777,0.00019573495257772957,6.49638316486764e-05
623804,0.00010166753568319381,0.00021527908074389144
623807,0.00010166753568319381,0.00021527908074389144
623849,0.00010166753568319381,0.00021527908074389144
623861,0.00010166753568319381,0.00021527908074389144
623877,-9.742422582042193e-06,3.6363703479791486e-05
623900,0.00010166753568319381,0.00021527908074389144
624382,-1.2851819096021057e-05,-1.1750886232684162e-05
624400,-1.2457021173518303e-05,-1.393047978215864e-05
624567,-1.2604567894008374e-05,-1.666429478507927e-05
624728,-1.5078144953468383e-06,-2.5521493329973422e-06
624847,-1.2101412640586949e-05,-1.8129342935865278e-05
624866,-8.820281137387686e-06,-2.0715344466816278e-05
624902,-7.1649697859281414e-06,-1.212865129948377e-05
625078,-8.022545755563446e-06,-1.3580377387456623e-05
625122,-1.1327216779594131e-05,-1.785283386297798e-05
625133,-7.1649697859281414e-06,-1.212865129948377e-05
625174,-1.2882126210958537e-05,-2.1806667946729754e-05
625176,-1.2882126210958537e-05,-2.1806667946729754e-05
625229,-1.2851819096021057e-05,-1.1750886232684162e-05
625237,-8.045668141676715e-06,-9.508436385232126e-06
630267,6.422268824533934e-06,1.814800302942949e-05
630508,1.7627336247113502e-05,7.669396231740582e-05
630683,-8.91696084050503e-06,-1.5094490433359573e-05
630718,-1.013510404878638e-05,-1.7156517037142968e-05
630747,4.042499450718265e-05,8.611312152065917e-05
630758,-8.91696084050503e-06,-1.5094490433359573e-05
630833,2.0956419901735965e-05,4.822963290995033e-05
630853,-8.91696084050503e-06,-1.5094490433359573e-05
631003,6.563184975110028e-06,1.1112404366330211e-05
631014,2.742467104653281e-05,4.64289624051163e-05
631122,1.5439568241083533e-05,2.613607999986895e-05
631168,6.483113175732218e-06,1.0976850248070619e-05
631224,4.6112351821731736e-05,7.805876961126913e-05
631237,5.717736368000834e-06,9.68113841051298e-06
631287,2.192977419078736e-05,3.712265864391301e-05
631295,5.87131030292424e-05,9.938923973628365e-05
631315,-1.166769846804308e-05,6.949058125756566e-07
631354,0.00016305617924413266,2.5467492872693585e-05
631411,-1.2882127495909155e-05,-2.1806671854933162e-05
631435,0.0034491374516162137,0.0012992085132599038
631464,0.0014296263154394886,0.0005286164076981197
631507,0.0034491374516162137,0.0012992085132599038
631625,0.0034491374516162137,0.0012992085132599038
631696,0.00016796609540017035,0.0005620669219038363
631770,0.00018577274673144955,0.00031447948143716655
631772,0.00015868345204815757,0.0002686222851703702
631824,2.9062159765304614e-05,6.310915758204983e-05
631866,0.0014296263154394886,0.0005286164076981197
631875,0.0014296263154394886,0.0005286164076981197
631893,0.0014296263154394886,0.0005286164076981197
631970,0.0001398962831892062,0.0004714427372053207
632010,6.64288917965352e-05,0.00011245227316282511
632022,0.00011182865748177859,-3.5310062497880696e-05
632044,8.714373308463763e-05,0.00014751739144507113
632053,0.0034491374516162137,0.0012992085132599038
632094,0.00011705568292478341,0.003973565446183651
632210,0.001845284076257711,0.0008810950393746183
632233,-1.2882117579407305e-05,-2.1806546094060035e-05
632237,0.00015571284794980997,0.0002635935984968521
632243,0.000669390659480573,0.0013903092494645425
632288,0.0034491374516162137,0.0012992085132599038
632297,2.110098956602137e-05,3.5719709838873005e-05
632358,2.2823344579669182e-05,3.863531283365452e-05
632366,-1.2882133482380842e-05,-2.1806712823181423e-05
632376,2.2823344579669182e-05,3.863531283365452e-05
632389,4.996317277000024e-05,8.73045632996625e-06
632391,4.996317277000024e-05,8.73045632996625e-06
632491,4.2372493310732135e-05,7.172921264268039e-05
632522,0.0001128106659176266,0.0001909684905750712
632552,-1.0656059511757487e-05,1.943543873480185e-05
632554,0.0001128106659176266,0.0001909684905750712
632570,3.659962165908723e-05,6.195680212230673e-05
632637,0.0001128106659176266,0.0001909684905750712
632644,9.978786690450364e-05,0.00016892324430583123
632677,5.454945957364804e-05,9.234257812085583e-05
632948,0.00017354982541322638,0.00029378832249794633
632959,0.00017354982541322638,0.00029378832249794633
632973,0.00017354982541322638,0.00029378832249794633
632994,0.00017354982541322638,0.00029378832249794633
632998,0.00042212560380805605,0.0007145814214062764
632999,0.0001224311610422037,0.0002072508056816208
633015,0.00012243142942902028,0.00020725427482717518
633036,0.00018287147311382059,0.0003095681585229769
633042,0.00042212560380805605,0.0007145814214062764
633043,0.00017354982541322638,0.00029378832249794633
633052,0.00023880105329193715,0.0004042466566283301
633053,0.00017354982541322638,0.00029378832249794633
633083,0.00015490667940395322,0.00026222890334093605
633100,0.00010016779936194729,2.5214383782906784e-05
633112,0.00015490667940395322,0.00026222890334093605
633118,0.00017354982541322638,0.00029378832249794633
633147,0.00017354982541322638,0.00029378832249794633
633160,0.00042212560380805605,0.0007145814214062764
633176,8.211781069672496e-05,1.7706813877523223e-05
633178,0.00017354982541322638,0.00029378832249794633
633189,0.00017354982541322638,0.00029378832249794633
633206,0.00017354982541322638,0.00029378832249794633
633284,0.001482374877002862,0.0025093885428559936
634866,0.00019680912539747525,0.00033316204177989754
634867,0.00019680912539747525,0.00033316204177989754
634871,0.0002774595734676235,0.0004696884249654642
634890,0.00019680912539747525,0.00033316204177989754
634922,0.00019680912539747525,0.00033316204177989754
637776,9.510869441830472e-05,0.00016100024186066042
638646,-1.2882059895677657e-05,-2.1806284687517332e-05
638669,-1.2881011251516778e-05,-2.1800178352586936e-05
638709,-1.2882015545900363e-05,-2.1805873017543052e-05
638752,-1.2882075992921499e-05,-2.180637842299599e-05
638817,9.098516341613925e-05,0.00015401992545505203
640027,7.263619318352315e-05,0.00012295833420878947
640058,7.521515603400853e-05,0.00012732399119163649
640209,-9.092844677876247e-06,0.001235172273134191
640333,0.00013134227987131848,2.5851440865283408e-05
640398,0.0003851738625647303,0.00010972867412940753
640412,1.2505663771649736e-05,4.274997033752462e-05
643329,-1.1642316141407111e-05,-1.8654071202904055e-05
643370,5.453759830222293e-05,0.002694827253358729
643408,0.0001021527764556981,0.004613449691709424
643435,1.6333085109014e-05,0.0011554014000627031
643605,2.120228799210255e-05,0.0013516027432197851
644143,-1.2882126271711542e-05,-2.1806631969394287e-05
644212,0.0005935208839667659,0.00014112665977655497
644229,-1.2881262199360679e-05,-2.1796940780119005e-05
644323,9.86076075122657e-06,1.6692357985938414e-05
644330,4.018461733146535e-05,6.802444917967345e-05
644332,0.0002924934411790453,0.0004951379994321237
644356,3.129593666949304e-05,5.297766760973438e-05
645117,1.6513243283057815e-05,3.903605365959051e-05
646025,5.681661348764772e-05,-2.935095734438022e-05
646089,4.414411437248951e-05,-2.7979276694164147e-05
646136,5.681661348764772e-05,-2.935095734438022e-05
646160,0.0005110313301684493,0.0001781038770971016
646228,4.414411437248951e-05,-2.7979276694164147e-05
646286,0.0009331825978112136,0.0005556315515634782
646288,-8.831516871882615e-07,-1.4949189724894663e-06
646329,0.00040270777825293755,0.00018013262743239795
646335,-5.747432334560107e-06,-9.729140050156262e-06
646340,-5.747432334560107e-06,-9.729140050156262e-06
646376,-5.747432334560107e-06,-9.729140050156262e-06
646958,6.31975549621454e-05,0.00010698072632171124
647239,8.835926958566717e-05,0.0001495742888643356
647244,9.510866756555565e-05,0.0001609994554773298
647261,8.835926958566717e-05,0.0001495742888643356
647292,8.240389380661863e-05,0.0001394930549100009
647341,0.00010282252433265008,0.00017406000306432115
647378,8.716072394410627e-06,1.4755078851386444e-05
647386,6.996591868655127e-05,0.00014966559537129995
647397,6.996591868655127e-05,0.00014966559537129995
647430,8.716072394410627e-06,1.4755078851386444e-05
653802,7.38962131947277e-05,0.000125091737568869
654058,0.00013437807748068205,0.00022747548327014196
654080,0.0011136498072201427,0.0004467540956888797
654104,0.0008298583593250674,0.0002460228808258787
654113,0.0013565709040135854,0.0004134162936218713
654174,5.6540545705998514e-05,9.571205049043087e-05
654207,0.00013437807748068205,0.00022747548327014196
654264,0.000145798254314591,0.0002468075672697093
654298,0.0008170892272272934,0.00024196125376866348
654299,0.001046250438117106,0.00041872053375680284
654304,0.001040543401510275,0.00031298025367012253
654320,0.00011784456664798662,0.00024876101274416777
654329,0.0013916850664565839,0.0004245758521857979
654350,0.0008170892272272934,0.00024196125376866348
654366,0.00017364253273536543,0.0003642472048864274
654376,0.0006894013583102509,0.00020138157689200063
654381,0.0008170892272272934,0.00024196125376866348
654427,0.0009258945050948441,0.0003686606363545812
654451,0.0006894013583102509,0.00020138157689200063
654493,0.0011075795954291663,0.0003342848863280995
654531,0.0006894013583102509,0.00020138157689200063
654655,0.0002637762735990653,6.611893068572477e-05
654720,3.760717679151696e-05,6.36624077498296e-05
656932,5.0251941543158635e-05,8.506669659756671e-05
657009,-1.2226894752403438e-05,-9.666831846925793e-06
657267,5.0251941543158635e-05,8.506669659756671e-05
657691,0.00025922010394448263,0.0005290619913911245
657857,0.04903334582445948,0.01869482553491017
658441,-9.891206707093527e-06,3.360743220102082e-05
659182,-1.0908654804424202e-05,-1.678848427904399e-05
659601,2.5994568561644287e-05,4.400354240752101e-05
660147,0.00015234260126741064,4.691555932766057e-05
660378,-1.2355349225858963e-05,-2.091497759508152e-05
660690,-1.285121694339197e-05,-2.123391598845799e-05
661223,-1.2355349225858963e-05,-2.091497759508152e-05
661242,0.0006907711470387704,0.00024668732809845877
661596,-1.0786236864074597e-05,-1.8258792610476036e-05
661617,-7.35987749961444e-06,-1.245868602214732e-05
662213,5.68702772157358e-05,0.00012256127825772644
662231,2.310471133126615e-05,5.267599563972751e-05
662348,1.1942414782065926e-05,2.9573162070290236e-05
662405,6.71434017378953e-05,0.00014382377428866742
662430,1.6492314390108576e-05,3.8990182388549804e-05
662480,-1.2882123788540295e-05,-2.180667906073707e-05
662852,2.896931349807024e-05,6.481408274513988e-05
662900,1.6492314390108576e-05,3.8990182388549804e-05
663503,3.431046317876471e-05,7.58687695292299e-05
663670,2.0971218932040963e-05,4.826026276578855e-05
663793,3.431046317876471e-05,7.58687695292299e-05
663830,2.896931349807024e-05,6.481408274513988e-05
663985,1.9176453684646743e-05,4.4545600408988004e-05
664187,1.2865587180205726e-05,2.177887883056203e-05
664218,4.66351474516031e-05,0.00010137742075491767
664280,2.896931349807024e-05,6.481408274513988e-05
664314,7.603512469958109e-05,0.00016222715524382482
664426,2.310471133126615e-05,5.267599563972751e-05
664540,2.310471133126615e-05,5.267599563972751e-05
664625,0.00011440436189706909,0.00019366312807546804
664626,0.00011440436189706909,0.00019366312807546804
665098,0.00011440436189706909,0.00019366312807546804
665099,0.00011440436189706909,0.00019366312807546804
665304,5.9851486711716435e-05,0.00012544189257809253
665305,5.9851486711716435e-05,0.00012544189257809253
665306,5.9851486711716435e-05,0.00012544189257809253
665307,5.9851486711716435e-05,0.00012544189257809253
665499,0.00011440436189706909,0.00019366312807546804
665500,0.00011440436189706909,0.00019366312807546804
665876,3.146935096209834e-05,5.327122231901579e-05
665877,3.146935096209834e-05,5.327122231901579e-05
665878,3.146935096209834e-05,5.327122231901579e-05
665879,3.146935096209834e-05,5.327122231901579e-05
666028,0.00011440436189706909,0.00019366312807546804
666029,0.00011440436189706909,0.00019366312807546804
666127,0.00011440436189706909,0.00019366312807546804
666128,0.00011440436189706909,0.00019366312807546804
666158,0.00011440436189706909,0.00019366312807546804
666159,0.00011440436189706909,0.00019366312807546804
666382,5.9851486711716435e-05,0.00012544189257809253
666383,5.9851486711716435e-05,0.00012544189257809253
666384,5.9851486711716435e-05,0.00012544189257809253
666385,5.9851486711716435e-05,0.00012544189257809253
667160,0.00022200236509207512,5.284044860679363e-05
668227,3.146935096209834e-05,5.327122231901579e-05
668228,3.146935096209834e-05,5.327122231901579e-05
668229,3.146935096209834e-05,5.327122231901579e-05
668230,3.146935096209834e-05,5.327122231901579e-05
668381,5.9851486711716435e-05,0.00012544189257809253
668382,5.9851486711716435e-05,0.00012544189257809253
668383,5.9851486711716435e-05,0.00012544189257809253
668384,5.9851486711716435e-05,0.00012544189257809253
668520,3.146935096209834e-05,5.327122231901579e-05
668521,3.146935096209834e-05,5.327122231901579e-05
668522,3.146935096209834e-05,5.327122231901579e-05
668523,3.146935096209834e-05,5.327122231901579e-05
668687,0.00018541047793375426,4.121110391137754e-05
668895,0.0005311358625327503,0.0017345701282166308
669220,5.822780138088869e-05,0.002182840836731827
669221,5.822780138088869e-05,0.002182840836731827
669372,0.00011440436189706909,0.00019366312807546804
669373,0.00011440436189706909,0.00019366312807546804
669390,5.9851486711716435e-05,0.00012544189257809253
669391,5.9851486711716435e-05,0.00012544189257809253
669392,5.9851486711716435e-05,0.00012544189257809253
669393,5.9851486711716435e-05,0.00012544189257809253
669394,3.146935096209834e-05,5.327122231901579e-05
669395,3.146935096209834e-05,5.327122231901579e-05
669396,3.146935096209834e-05,5.327122231901579e-05
669397,3.146935096209834e-05,5.327122231901579e-05
669417,5.822780138088869e-05,0.002182840836731827
669418,5.822780138088869e-05,0.002182840836731827
669869,0.00011440436189706909,0.00019366312807546804
669870,0.00011440436189706909,0.00019366312807546804
670517,0.00011980306791618257,0.00020280494193890953
670538,0.00011980306791618257,0.00020280494193890953
670567,0.00011980306791618257,0.00020280494193890953
670577,7.608056487228715e-05,0.00012878940974411857
670592,9.632207430329578e-05,0.0001630542522495699
670709,0.00018150170058845564,0.00030728444582867916
679426,7.389615685820302e-05,0.0001250906547397582
679527,1.0823214360345229e-05,1.832208285882056e-05
679705,0.0014427171391749533,0.0029250419899983977
679842,8.825409413689107e-05,0.00014939832875361675
680267,0.00038016939418943936,0.004060802106060486
680424,4.555446663840412e-05,7.711450649448168e-05
680475,5.285904092039959e-05,8.947965774701578e-05
680652,5.285904092039959e-05,8.947965774701578e-05
680674,4.346744538472663e-05,7.35816060854074e-05
680711,4.346744538472663e-05,7.35816060854074e-05
680769,4.555446663840412e-05,7.711450649448168e-05
680790,4.346744538472663e-05,7.35816060854074e-05
680803,7.477276277821323e-05,0.00012657510983184344
680866,4.555446663840412e-05,7.711450649448168e-05
680893,6.397134788426533e-05,0.00013725850952162839
680947,0.00014489666276243664,0.000245280539641727
680989,3.219753038254686e-05,5.450394348313363e-05
680998,9.230373919723759e-05,0.0001562514696931092
681001,0.00038016939418943936,0.004060802106060486
681041,5.7241785410543036e-05,9.689874836471423e-05
681084,6.600727421295886e-05,0.00011173692929901178
681102,7.678025972326841e-05,0.00016376937644921292
681474,6.48659480471269e-05,0.0002534571180169825
681485,1.1590993000798571e-05,2.8845817218851346e-05
681632,-1.2748498611174027e-05,-2.133358466197769e-05
681694,-7.021971681211318e-06,-2.8870148034827225e-06
681871,3.163395462776053e-05,7.032914501482333e-05
681900,7.821268428279765e-06,1.3240020991331268e-05
681968,1.082314761918719e-05,1.8321289634064406e-05
682579,1.087818351526305e-05,2.7370500841217268e-05
682684,7.662460597145115e-05,6.638720342109917e-06
682698,-1.0150078662504649e-06,-1.718112001615553e-06
682702,7.90394419091215e-05,0.00013379759652178654
682765,8.643499930087799e-05,0.00014631675320428845
682776,-1.0298620502615822e-05,-1.743335765759026e-05
682783,2.3209051097912096e-05,3.928823459188843e-05
682848,0.00011116253106908918,1.761494705816682e-05
682857,9.773287829578952e-06,1.654425241513494e-05
682942,4.786271144739176e-05,8.102180792016151e-05
682962,6.518352861586046e-05,0.00011034238681834353
682970,0.00010492604030901865,0.00017761828023476166
683003,0.00014512560619906338,2.840848522084482e-05
683037,0.0005348990206489762,0.00015227931280528562
683062,-8.571121772125887e-06,-1.4509057820510616e-05
683067,2.7488273534004243e-05,4.653207752608428e-05
683164,0.0001491040944603611,0.0002524026342126237
683178,3.614271071488196e-05,6.118225861818797e-05
683225,0.00017052675944559883,3.6481026234675e-05
683263,0.000265947377576884,6.680590345397563e-05
683331,-3.132050795324333e-06,-5.301829999964267e-06
683343,-1.0298620502615822e-05,-1.743335765759026e-05
683370,5.3234735330915264e-05,9.011574914313517e-05
683512,6.767393228290143e-05,3.794177035317991e-06
683559,7.411370251922246e-05,0.0001254593334358893
683599,0.0004956246746732546,0.00013979784136958963
683620,0.0003031454821531803,7.862754091722166e-05
683638,-1.0298620502615822e-05,-1.743335765759026e-05
683725,2.281731760021321e-05,3.86251103977684e-05
683739,0.00010203700787325782,1.4714836202725442e-05
683760,2.3849444530641014e-05,4.0372288882605567e-05
683810,1.8070655134673712e-05,3.0589987691361236e-05
683889,2.101832760776708e-05,-1.1033074255583101e-05
683939,4.464139419581516e-05,7.556878074989223e-05
683945,4.204157626668257e-05,7.116782402997441e-05
683968,2.152202784861866e-05,3.6432451414751593e-05
683997,0.00016101666930167056,3.34586991778295e-05
683998,0.000163821488521493,3.435007674516432e-05
684047,0.00021922855176258372,5.195856034937207e-05
684065,1.2477750940846053e-05,2.112235189276717e-05
684066,0.00013456438751484196,2.505210725812238e-05
684092,3.129593666949304e-05,5.297766760973438e-05
684124,0.0006191730249235249,0.00017906177221975271
684137,6.767393228290143e-05,3.794177035317991e-06
684165,0.00024389030976464443,5.979611996773085e-05
684208,1.7023022335352212e-05,2.881656096154459e-05
684231,5.3234735330915264e-05,9.011574914313517e-05
684267,6.767393228290143e-05,3.794177035317991e-06
684321,5.3234735330915264e-05,9.011574914313517e-05
684398,3.476088309833249e-05,5.884310883901462e-05
684448,2.2141922615024632e-05,3.74818056819431e-05
684479,1.914150938538387e-05,3.2402723559479434e-05
684519,5.924532491944388e-05,0.0001002902300233849
684625,1.1027277896378745e-05,1.8666999531135496e-05
684628,6.767393228290143e-05,3.794177035317991e-06
684673,5.3234735330915264e-05,9.011574914313517e-05
684678,0.0004073415482858403,0.00011174127434388741
684725,3.339965414856514e-05,5.653882836356453e-05
684737,1.284786818969215e-05,2.1748884226133366e-05
684745,2.3849444530641014e-05,4.0372288882605567e-05
684773,2.6387262498533964e-05,4.466829242753576e-05
684788,8.155043498106766e-06,1.3804897791391123e-05
684852,0.000311889328191058,8.140635395276805e-05
684876,0.000148875087476723,2.9600078417449947e-05
684878,0.000163821488521493,3.435007674516432e-05
684913,5.016901152712856e-06,8.492668620163016e-06
684927,0.00032292435275800297,8.491330844182997e-05
684941,3.3164928987886006e-06,5.614227384776785e-06
684953,2.668547856523849e-06,4.517389773212233e-06
685076,0.00032292435275800297,8.491330844182997e-05
685278,3.276630433857912e-05,-7.299542038815033e-06
685295,0.00015062941296390108,3.0157606822140957e-05
685349,5.3234735330915264e-05,9.011574914313517e-05
685368,0.00016971160886442133,3.6221969630624935e-05
685369,0.00012855808561961667,0.00021762281198006646
685378,2.0903717008170454e-05,-1.1069497750094697e-05
685379,1.603675035999795e-05,-1.2616230195625488e-05
685496,0.00016574217994044885,3.49604766000035e-05
685516,0.0001116324684042022,1.776429415177359e-05
685525,0.0001351668486539454,2.524357070103967e-05
685546,0.000315786585264239,8.264491061432374e-05
685593,0.0005138305187700123,0.00014558369769414526
685594,5.4146660279464906e-05,9.165924007655835e-05
685649,0.00014512560619906338,2.840848522084482e-05
685706,0.00017514345895226514,3.794822324554995e-05
685736,1.0879838518594532e-05,1.8417415007092914e-05
685759,3.760708906572783e-05,6.366114980185156e-05
685772,4.0373621584222415e-05,6.834432001223708e-05
685783,4.786271144739176e-05,8.102180792016151e-05
685848,5.3234735330915264e-05,9.011574914313517e-05
685864,0.00013410746422278145,2.4906896055326477e-05
686306,-1.184219373561072e-05,-1.9162325426203014e-05
686429,1.6065060923223277e-05,-1.4028942167092377e-05
687635,6.40866829569763e-05,0.003079601369403551
687711,4.2537255222684366e-05,7.20072697474596e-05
687911,-9.713785948116011e-07,-1.6442399089490837e-06
687914,0.002496872670898056,0.07778926135402366
687980,0.0003509042206933243,9.38074672253828e-05
688022,1.9951893521165056e-05,3.3774583204353936e-05
688027,2.9655224043674827e-05,0.0016922082687565291
688052,6.577331788599478e-05,0.00011134250704176088
688060,3.5713743905304085e-05,6.045617428627104e-05
688171,1.3628834404699151e-05,-1.1690883607572402e-05
688200,1.4115588651118538e-05,2.3897922226511346e-05
688242,-9.713785948116011e-07,-1.6442399089490837e-06
688271,1.656991426412307e-05,2.804958357647243e-05
688325,6.090875062388353e-05,0.0001275823145292671
688333,0.000136512748815474,2.5671350803888558e-05
688378,1.0067514328429204e-05,1.704234953307272e-05
688405,2.9879534853653547e-05,5.058037464139718e-05
688429,4.6383241247548684e-05,0.00010085604532991206
688548,3.497239339568692e-05,0.0019064601275734531
688622,6.577331788599478e-05,0.00011134250704176088
688627,2.5994568998074303e-05,4.4003597703683475e-05
688650,727.8257726919978,2576.836735482616
688940,-1.1991726554708308e-05,-5.310073960583225e-06
689457,-2.256245594398076e-06,-2.946922384638798e-07
689476,-1.1572071710716477e-05,-1.8475459383180074e-05
689634,2.7641781537293995e-06,4.679374741903649e-06
689793,3.3869753369201906e-05,5.7334916040956146e-05
689932,3.760707744052147e-05,6.366168120773022e-05
690414,-6.80966255400262e-06,0.00025784787931227627
690629,0.00010517416828395866,1.5712015680744695e-05
690699,-1.2857399831473417e-05,-2.1348469891689513e-05
690868,1.361879193406444e-06,-2.147838034353539e-05
690952,1.7585501812929584e-05,2.976892266498597e-05
691866,-8.27865379190153e-06,-2.2305164051469472e-05
691906,-1.2573389660465835e-05,-1.60864797170499e-05
691918,-1.2882128581063899e-05,-2.1806655657975054e-05
691983,-6.6092440465383115e-06,-2.2485871531728932e-05
693728,2.967701157811741e-05,0.0012976699479686762
694413,0.000751289179869767,-4.688936018608741e-05
695195,-1.288213337658125e-05,-2.1806712544179758e-05
695840,0.0001104576713873863,0.00018698393187330115
695965,3.260697520871665e-05,0.00013924557370237543
695966,3.260697520871665e-05,0.00013924557370237543
696037,4.0777922624522876e-05,6.902947486904812e-05
696047,6.942244110102855e-05,0.0025298720556428058
696204,0.00010079261841019063,0.00017062374548073894
696449,3.429067824469414e-06,5.804816456621522e-06
696450,-6.46637277692615e-06,-1.9686664017025464e-05
696941,4.84867960223204e-05,0.00010520981568993964
697262,-1.2633570249412495e-05,-2.1385941591925682e-05
697540,8.733429416623162e-05,0.0030852396789566388
698441,-8.03257398377079e-06,-2.0204205782655925e-05
698867,3.462807862632313e-05,5.861836487179044e-05
698996,1.3104967601830304e-05,2.2184137089492647e-05
699030,0.0001530026141788014,0.0002590050028539893
699050,-1.2633570249412495e-05,-2.1385941591925682e-05
699100,0.0001389788366885441,4.135714050337409e-05
699257,-1.2633570249412495e-05,-2.1385941591925682e-05
699465,0.0001104576713873863,0.00018698393187330115
699597,-1.2710894400689712e-05,-1.8634218947009528e-05
699598,-1.2633570249412495e-05,-2.1385941591925682e-05
699902,2.3863331805091264e-05,4.039603803356054e-05
700290,-1.2633570249412495e-05,-2.1385941591925682e-05
700315,-1.0647646586217952e-05,1.9592555885941754e-05
700323,0.0004611087631040545,0.0007806053861125362
700385,0.0008879423978161714,0.0003219223217146832
700386,0.0008879423978161714,0.0003219223217146832
700581,-1.573639284349665e-06,6.948864767621127e-06
700724,-1.2633570249412495e-05,-2.1385941591925682e-05
700802,-3.0873702538797147e-06,3.099745741662728e-06
700874,8.870346185952568e-05,0.0031276900189756806
701046,-1.2633570249412495e-05,-2.1385941591925682e-05
701059,0.00018185247480391673,0.0003078605981179931
701373,0.000111432312257869,1.7700599642702913e-05
701593,8.394652923263098e-05,0.000142105650407778
702214,0.00013454593459966103,0.00022776237415883104
702471,0.00011783363930510024,3.2562173899034506e-05
702830,9.495906745073208e-05,0.00016074818173510141
703178,5.746075446951053e-05,0.0021590597983177843
703179,5.746075446951053e-05,0.0021590597983177843
703366,8.870346185952568e-05,0.0031276900189756806
703688,-1.2633570249412495e-05,-2.1385941591925682e-05
704243,4.3665822686918626e-05,7.391759820328083e-05
704275,1.6569926921168232e-05,2.805288892755386e-05
704279,5.746075446951053e-05,0.0021590597983177843
704280,5.746075446951053e-05,0.0021590597983177843
704557,-1.2633570249412495e-05,-2.1385941591925682e-05
704615,3.462807862632313e-05,5.861836487179044e-05
704866,0.0001104576713873863,0.00018698393187330115
704992,0.0001104576713873863,0.00018698393187330115
705178,-1.2633570249412495e-05,-2.1385941591925682e-05
705290,-1.2633570249412495e-05,-2.1385941591925682e-05
705296,5.0464814469003386e-05,8.542672172892321e-05
706649,8.458621240094882e-05,0.00017992572776613517
706827,-1.2633570249412495e-05,-2.1385941591925682e-05
707267,-1.1493679884578034e-05,-1.945633178556751e-05
707294,0.00011381174902133782,0.00019266078686735024
707546,0.0003510305772841131,0.001266611020873358
707570,-1.2633570249412495e-05,-2.1385941591925682e-05
707762,0.0001104576713873863,0.00018698393187330115
707921,4.7673776929175226e-05,0.00010352709343695903
707939,6.102263730583762e-05,0.00010329933854752714
708167,0.00017075877055070153,0.0002890641638772944
708170,2.9349166506730485e-05,4.968224562819689e-05
708645,0.00011381174902133782,0.00019266078686735024
708933,9.644488223894665e-05,0.003367698557716223
709769,0.00011381174902133782,0.00019266078686735024
709964,6.774125200188419e-05,0.00011467261459690005
709985,5.0464813930542367e-05,8.542704713626167e-05
710214,6.872318899714144e-05,0.00011633443622166856
710286,0.00016917121063662175,0.005622454412131395
710696,1.2456647146004535e-05,2.1086663070211745e-05
711151,0.00010269196955430217,2.6264267221820082e-05
711288,0.00013454593459966103,0.00022776237415883104
711291,5.0464813930542367e-05,8.542704713626167e-05
711344,2.3863331805091264e-05,4.039603803356054e-05
711359,4.942030570185226e-05,8.365873271366053e-05
711399,-1.263357067850387e-05,-2.1385947431371105e-05
711934,-1.2633570249412495e-05,-2.1385941591925682e-05
712325,0.0002467586656073713,0.0004177163858297532
712698,0.0001487315898214196,0.004988757966132234
713115,3.429067824469414e-06,5.804816456621522e-06
713337,2.345247154712344e-05,3.970439764102227e-05
713365,-1.1928113460077866e-05,0.00029465984340558356
713868,1.3947889184260582e-05,2.3611169250300378e-05
714009,0.00012068677244641621,3.374888359204762e-05
714228,8.753979181609143e-05,0.00018603889495636525
714359,0.0001104576713873863,0.00018698393187330115
714789,-1.1880152873438737e-05,-1.9258848987156948e-05
714952,-1.2633570249412495e-05,-2.1385941591925682e-05
715103,3.260697520871665e-05,0.00013924557370237543
715104,3.260697520871665e-05,0.00013924557370237543
715218,0.00015457460302612056,0.0002616629446644785
715306,4.828537972647001e-05,0.0018745919088115329
715424,0.0008879423978161714,0.0003219223217146832
715425,0.0008879423978161714,0.0003219223217146832
715650,-1.0620430119796647e-05,-1.605527481158542e-05
715939,3.990263540053529e-05,6.754819721709781e-05
716617,-1.2633570249412495e-05,-2.1385941591925682e-05
716793,8.394652923263098e-05,0.000142105650407778
716896,3.462807862632313e-05,5.861836487179044e-05
717221,3.944295448404634e-05,8.649159180418562e-05
717565,-1.2882111909407395e-05,-2.1806637059515703e-05
717785,-1.2882125757208752e-05,-2.1806686021386492e-05
719804,0.00027671713476642523,0.00046843253400015455
719805,0.00027671713476642523,0.00046843253400015455
719806,0.00027671713476642523,0.00046843253400015455
719807,0.00027671713476642523,0.00046843253400015455
719933,0.00027671713476642523,0.00046843253400015455
719934,0.00027671713476642523,0.00046843253400015455
719935,0.00027671713476642523,0.00046843253400015455
719936,0.00027671713476642523,0.00046843253400015455
722969,0.00027671713476642523,0.00046843253400015455
722970,0.00027671713476642523,0.00046843253400015455
722971,0.00027671713476642523,0.00046843253400015455
722972,0.00027671713476642523,0.00046843253400015455
724336,0.00027671713476642523,0.00046843253400015455
724337,0.00027671713476642523,0.00046843253400015455
724338,0.00027671713476642523,0.00046843253400015455
724339,0.00027671713476642523,0.00046843253400015455
724613,1.9252684202414646e-05,3.2590919645295515e-05
724644,5.2859420591774655e-05,0.00011425992623345246
724666,1.1196092017722156e-05,1.8952767097170856e-05
724679,1.9252684202414646e-05,3.2590919645295515e-05
724737,1.9252684202414646e-05,3.2590919645295515e-05
724744,0.00027618301091187963,0.008940177286127499
724757,-7.566567474845918e-07,-1.2807767253678408e-06
724851,1.9252684202414646e-05,3.2590919645295515e-05
724864,1.9252684202414646e-05,3.2590919645295515e-05
724874,1.9252684202414646e-05,3.2590919645295515e-05
724882,6.588620896483983e-06,1.849230531662042e-05
724891,1.9252684202414646e-05,3.2590919645295515e-05
724922,0.0005806556937746683,0.0012066506725433874
724950,5.392791625767082e-05,9.129041954078536e-05
724959,1.9252684202414646e-05,3.2590919645295515e-05
724967,-1.2882131886823399e-05,-2.1806695955292793e-05
724985,1.1196092017722156e-05,1.8952767097170856e-05
725023,7.90249561139661e-05,0.00013377307505171813
725057,0.0005806556937746683,0.0012066506725433874
725060,1.9252684202414646e-05,3.2590919645295515e-05
725064,6.1526800544382085e-06,1.0415308561167188e-05
725077,1.9252684202414646e-05,3.2590919645295515e-05
725105,2.071335766072576e-05,3.5063539208352636e-05
725125,1.4133537935640592e-05,3.410817449573982e-05
725158,7.581443257818496e-06,1.2833910629653464e-05
725175,5.2859420591774655e-05,0.00011425992623345246
725187,2.270294865545193e-05,3.843150731104571e-05
725200,2.7077473857316014e-05,4.583667821469315e-05
725203,1.9252684202414646e-05,3.2590919645295515e-05
725240,1.9252684202414646e-05,3.2590919645295515e-05
725264,5.392791625767082e-05,9.129041954078536e-05
725271,1.9252684202414646e-05,3.2590919645295515e-05
725275,1.9252684202414646e-05,3.2590919645295515e-05
725345,0.0005806556937746683,0.0012066506725433874
725359,-9.066246437809212e-06,-1.21035841763223e-05
725366,9.242099957494278e-06,1.5645060664438052e-05
725379,2.071335766072576e-05,3.5063539208352636e-05
725383,2.071335766072576e-05,3.5063539208352636e-05
725433,9.242099957494278e-06,1.5645060664438052e-05
725441,0.0020478437824759162,0.0007645079017950476
725518,8.050106050655097e-06,2.1517171044940263e-05
725525,9.242099957494278e-06,1.5645060664438052e-05
725560,1.9252684202414646e-05,3.2590919645295515e-05
725601,1.119608609611915e-05,1.8952749696026376e-05
725603,0.00034708794809828694,0.0005875576090707547
725614,6.1526800544382085e-06,1.0415308561167188e-05
725646,0.0020478437824759162,0.0007645079017950476
725675,2.856148170084282e-06,4.834958496533539e-06
725690,0.00027618301091187963,0.008940177286127499
725693,7.90249561139661e-05,0.00013377307505171813
725694,6.1526800544382085e-06,1.0415308561167188e-05
725695,0.003990813531629209,0.001505897797390269
725797,7.581443257818496e-06,1.2833910629653464e-05
725798,0.0002779564159807843,0.008995158760570799
725803,1.9252684202414646e-05,3.2590919645295515e-05
725811,1.9252684202414646e-05,3.2590919645295515e-05
725840,6.152675373170931e-06,1.0415294804856917e-05
725853,1.9252684202414646e-05,3.2590919645295515e-05
725885,6.588620896483983e-06,1.849230531662042e-05
725897,-7.566567474845918e-07,-1.2807767253678408e-06
725902,0.00027618301091187963,0.008940177286127499
725904,1.9252684202414646e-05,3.2590919645295515e-05
725921,5.3927800174398896e-05,9.128875495938189e-05
725937,1.9252684202414646e-05,3.2590919645295515e-05
725943,1.9252684202414646e-05,3.2590919645295515e-05
725954,1.6361655474913016e-05,2.7696994014260074e-05
725964,7.90249561139661e-05,0.00013377307505171813
725990,0.0002779564159807843,0.008995158760570799
725995,0.00014332924454547364,2.783759763225658e-05
726007,1.9252684202414646e-05,3.2590919645295515e-05
726019,1.3528670024187694e-05,2.29013416251233e-05
726084,5.3178980098295165e-06,1.5862264156734154e-05
726107,2.071335766072576e-05,3.5063539208352636e-05
726150,2.270294865545193e-05,3.843150731104571e-05
726154,5.392791625767082e-05,9.129041954078536e-05
726172,7.968157097354238e-05,0.00013489347420910254
726193,0.00010297623259239466,0.004646628771444277
726224,0.00015542859698520228,0.00032654983385665433
726271,0.0003191187726888833,0.000665343329977222
726295,0.00026228166678972516,0.011065746521644831
726340,-1.111501076376941e-05,-1.881533769277121e-05
726357,0.00048447659580401107,0.0200189522159543
726727,-1.2882131970984169e-05,-2.180670920731698e-05
728180,-1.2882133460659453e-05,-2.1806713370199403e-05
728623,7.749755877161382e-05,0.0001652539849668595
728674,0.00010205163552471317,0.0002160743092501142
728724,0.00010205163552471317,0.0002160743092501142
728802,0.0010909975656866165,0.003886433199050427
729425,-1.288212163645505e-05,-2.1806604011614018e-05
729548,-1.2882104986043874e-05,-2.1806394089791773e-05
729647,-1.288211483850522e-05,-2.1806589875498606e-05
729896,2.2703834312229193e-05,0.0010814780031598342
730173,-1.2882123029065056e-05,-2.1806597004570967e-05
730730,-1.2881964013908048e-05,-2.1805154181725437e-05
731330,-1.2882115989599384e-05,-2.180659748585864e-05
732343,-1.2882035455151217e-05,-2.180581130630309e-05
732459,2.599306524501037e-05,5.689580138416118e-05
732569,2.599306524501037e-05,5.689580138416118e-05
732705,-2.6649335886298926e-06,-1.1220776660457812e-06
733006,2.599306524501037e-05,5.689580138416118e-05
733043,2.599306524501037e-05,5.689580138416118e-05
733064,2.599306524501037e-05,5.689580138416118e-05
733075,3.7147599017481277e-05,0.001994108614376324
733118,2.267505067398199e-05,-1.2252933652448842e-05
733318,0.00031317817500344403,8.181648039778404e-05
733458,0.00941889466066818,0.0035771101771868677
733585,2.599306524501037e-05,5.689580138416118e-05
733659,-2.6649335886298926e-06,-1.1220776660457812e-06
733666,-2.6649335886298926e-06,-1.1220776660457812e-06
734506,-1.288212711354179e-05,-2.1806667432417457e-05
738768,0.00010001588703318663,0.00016930695932907414
738809,0.0002129138813844981,0.00036042058782105227
738857,0.0001376486246738599,0.0002330116254918364
738888,0.0002129138813844981,0.00036042058782105227
739045,0.00016775451892932558,0.00028397485759544566
739118,0.0002129138813844981,0.00036042058782105227
739434,0.00010001588703318663,0.00016930695932907414
739438,0.00016775451892932558,0.00028397485759544566
739488,0.00024575696041165046,0.0004160173819957183
739526,0.00024575696041165046,0.0004160173819957183
739637,0.00016775451892932558,0.00028397485759544566
739656,0.00016775451892932558,0.00028397485759544566
739661,3.750207586148885e-05,6.348345476481576e-05
739755,0.0002617273430445221,0.005613323302260303
739758,0.0002129138813844981,0.00036042058782105227
739789,0.00024575696041165046,0.0004160173819957183
740135,0.0001376486246738599,0.0002330116254918364
740153,6.922548917128223e-05,0.00011718500010463346
740207,0.00010001588703318663,0.00016930695932907414
740222,0.00016775451892932558,0.00028397485759544566
740410,0.00010001588703318663,0.00016930695932907414
740427,0.00016775451892932558,0.00028397485759544566
740483,0.00016775451892932558,0.00028397485759544566
740537,3.22770736361773e-05,5.4638753818184246e-05
740764,6.922548917128223e-05,0.00011718500010463346
740883,0.00014557123545178222,0.00024642301425563336
741079,4.669362230687551e-05,7.90433023029061e-05
741149,3.78109213749412e-05,6.400660133425227e-05
745793,0.0001892171644599163,0.00039648277705419695
748299,0.0003329394698311552,8.809812730710425e-05
748449,7.080276759334455e-05,0.00015139763867719083
748506,3.682670027873323e-05,8.107667694197297e-05
748839,0.00015038341480474573,4.610067076462906e-05
748876,2.8541895158978457e-05,6.392944626293942e-05
748879,6.892924499091086e-05,0.00011668491149879164
748900,3.667987284580778e-05,8.077278519968205e-05
749014,6.470911242881767e-05,0.00013878547589553697
749248,0.000174318663065535,5.6056109122704755e-05
749842,6.394928904422946e-05,0.00010825307322607586
749908,7.166917429393762e-05,0.00012132133356981501
749927,5.911174070992859e-05,0.00010006417041319088
749944,5.911174070992859e-05,0.00010006417041319088
750041,9.510867183870298e-05,0.00016099960224510087
750711,-4.366645650723547e-06,0.00024220188240407106
751888,0.00042225246542406764,0.0007147900928780079
751889,0.00042225246542406764,0.0007147900928780079
751890,0.00042225246542406764,0.0007147900928780079
761955,0.00042225246542406764,0.0007147900928780079
761956,0.00042225246542406764,0.0007147900928780079
761957,0.00042225246542406764,0.0007147900928780079
765403,0.00042225246542406764,0.0007147900928780079
765404,0.00042225246542406764,0.0007147900928780079
765405,0.00042225246542406764,0.0007147900928780079
768029,-1.2882127759919465e-05,-2.1806651561676677e-05
769115,-2.5553776778977426e-06,-1.5503694545292305e-05
769270,5.353292554192377e-05,9.062096007894791e-05
769529,-1.1383308516703325e-05,4.721846768292262e-05
769535,9.332236857987782e-06,1.5797789494274113e-05
769556,0.00028876226094306563,7.007962163977226e-05
769624,0.014706587848662318,0.005594778167660106
770493,2.5994559610235232e-05,4.400395159005491e-05
770509,0.00018546839982231712,0.00031396256472556686
770547,4.265601104558233e-05,7.220829969446396e-05
772000,0.0011343221413949865,0.0002548138101432988
772092,0.0004137779371171589,0.013206079110438813
772104,0.0004137779371171589,0.013206079110438813
772154,0.0013565709040135854,0.0004134162936218713
772164,0.0004137779371171589,0.013206079110438813
772171,0.0013565709040135854,0.0004134162936218713
772249,0.0020857028536297732,-3.395811759161786e-05
772300,-6.986715300260228e-06,-6.815706370440377e-06
772320,0.0001663431785246843,-4.121257168246427e-05
772335,-4.589239241827769e-06,-7.192642345696038e-07
772396,-1.2882048361108009e-05,-2.180618275822662e-05
772445,-1.2882048361108009e-05,-2.180618275822662e-05
772466,-1.2882129535396281e-05,-2.1806683122622e-05
775859,-8.515627800863823e-06,-1.441509262153462e-05
776099,3.970310652286183e-05,6.720927600318005e-05
776170,3.327703890986029e-05,5.6331265998255946e-05
776293,2.5985218631965206e-05,4.3987714900759546e-05
776344,7.634200561383174e-05,0.00012923139199750802
776520,3.327703890986029e-05,5.6331265998255946e-05
776546,9.41868304971688e-05,0.00015943900811787274
776556,2.4853163442109233e-05,4.20713784376224e-05
777187,-4.655089424468422e-06,4.754531680071047e-06
785543,4.397310143754333e-05,7.443787130817232e-05
785566,1.4979500779925582e-05,3.585908110454554e-05
785567,0.0007812092339461195,0.00028585145396264503
785570,0.00035374469081346217,9.47101910965906e-05
785605,8.443430337342165e-05,0.0001796113182141418
785607,-4.8339138160372675e-06,-5.513159200716416e-06
785609,1.3190625157526434e-05,3.2156608625110096e-05
785613,0.0004484362887506074,0.0001248039298951954
785637,0.0004484362887506074,0.0001248039298951954
785641,0.00021374266308118816,5.0216439320992496e-05
785683,0.00012637279422078495,0.000266412361794257
785707,0.00021456827227717717,5.047882445372951e-05
785742,0.00022342325911525697,7.648028746189753e-05
785751,0.00034879309915197506,0.0037348979184215828
785773,0.00043479799016920515,0.00012046957073232078
785788,0.0004484362887506074,0.0001248039298951954
785790,2.0427985582189804e-05,0.0013204027344129467
785821,5.096750947923309e-05,8.627914579103278e-05
785848,0.00021311025489027135,5.001545499581316e-05
785861,8.017339242797988e-05,1.6898067880577813e-05
785888,5.145793031904267e-05,8.710918738660314e-05
785950,9.333745792785849e-05,0.0001580035292131804
785968,0.0005423485523422424,0.0001546499900745616
785978,0.00043479799016920515,0.00012046957073232078
786009,0.00030432285724133845,7.90035414796431e-05
786010,2.1951513017412748e-05,5.028927706581615e-05
786024,3.476070502245362e-05,5.8843966766209776e-05
786040,6.2422659446003e-05,9.51496802352604e-06
786042,9.561547686141075e-05,0.00020275324601359642
786044,0.0002109579466048675,4.933143439877974e-05
786069,9.310104704781917e-05,0.0003534223052812588
786072,4.1604228034607395e-05,7.042868075493265e-05
786081,2.4843154275938598e-05,0.0014983090670874935
786098,4.7285314246644486e-05,0.0001027232147321506
786114,0.00021217062228908796,7.17999544622914e-05
786118,1.4979500779925582e-05,3.585908110454554e-05
786136,8.443430337342165e-05,0.0001796113182141418
786138,2.8700960880996003e-05,6.425866784258265e-05
786140,0.0003274427576831303,0.00011004679433993916
786245,-7.208866856376631e-06,-1.2202915932087006e-05
786340,-7.208866856376631e-06,-1.2202915932087006e-05
786425,-1.1030318858022218e-05,-1.7973974809888472e-05
786447,-7.854641461079503e-06,-1.3296093629704848e-05
786458,-1.1671994840619723e-05,-1.9302064720966626e-05
786535,-7.208866856376631e-06,-1.2202915932087006e-05
786553,-7.208866856376631e-06,-1.2202915932087006e-05
786705,1.9515118622552114e-05,3.303537946273343e-05
786709,1.4587382088504051e-05,3.504750502542531e-05
786731,1.711537431594602e-05,2.8973553020722818e-05
786764,-1.2016729041301339e-05,-2.0015568150026748e-05
786870,3.773857154399139e-05,6.388405437934062e-05
787016,7.364913158390191e-05,0.00012467481187760463
787101,-1.1671994840619723e-05,-1.9302064720966626e-05
787124,-7.208866856376631e-06,-1.2202915932087006e-05
787256,-7.208866856376631e-06,-1.2202915932087006e-05
787418,-7.208866856376631e-06,-1.2202915932087006e-05
787441,-1.1671994840619723e-05,-1.9302064720966626e-05
787464,-7.208866856376631e-06,-1.2202915932087006e-05
787477,-1.1671994840619723e-05,-1.9302064720966626e-05
787506,-1.1671994840619723e-05,-1.9302064720966626e-05
787530,-7.208866856376631e-06,-1.2202915932087006e-05
787544,-7.208866856376631e-06,-1.2202915932087006e-05
787561,-7.208866856376631e-06,-1.2202915932087006e-05
787576,-1.1671994840619723e-05,-1.9302064720966626e-05
788600,5.282466084285907e-05,0.00011418798326987211
788612,1.0951704495278423e-05,2.752266871793246e-05
788807,1.3672210348180338e-05,3.315335534834422e-05
788865,8588.858579898164,4173.413227359272
788979,1.0453222682185655e-05,1.769527493973468e-05
789066,5.550608626715917e-05,0.0001197377843375477
789174,3.708249301039837e-06,1.2530741287715582e-05
789290,1.1877223843892232e-05,2.943823505162307e-05
789341,-9.432199770058438e-06,-1.0668511797707418e-05
789353,0.0002810074557350048,0.0001004314039742903
789611,1.002125229135798e-05,2.5596892752678224e-05
789701,3.282713921229705e-05,7.279870356423677e-05
789879,4.197353278641574e-05,9.172918149698571e-05
789983,1.23109230539703e-05,3.033587118102226e-05
790105,8.824058954865765e-06,2.3119037207315496e-05
790437,4.338344500661066e-05,7.343941061438121e-05
792352,-9.650340068369587e-06,-1.5117816811367475e-05
792839,-8.307099576027203e-06,-1.2337689607798477e-05
793196,-1.2882132702387749e-05,-2.180671122897595e-05
793269,-1.0158615250062275e-05,-1.7196360380031067e-05
793277,-1.2374932840375073e-06,0.0003392163054232168
793318,-3.4072324463572937e-06,8.783253373457215e-06
793406,0.0015590819524875323,0.0005780100986699983
793668,-9.564407075241613e-06,8.105396739037408e-05
793767,1.716430945389221e-05,4.0381024322344254e-05
793792,2.0169502999635402e-05,4.660093489587463e-05
793826,3.528889935089312e-05,7.571513981587355e-05
793829,1.716430945389221e-05,4.0381024322344254e-05
793846,1.6039370677042128e-05,3.8052715517536884e-05
793850,5.139930022087395e-05,0.00011123788522499344
793853,2.5683985243118282e-05,5.8014371631877694e-05
793873,1.8385709518241964e-05,4.290898102766886e-05
793907,1.6039370677042128e-05,3.8052715517536884e-05
793920,2.5359742491836893e-05,5.561364476510825e-05
793921,3.3485375957910286e-05,7.206392178471538e-05
793930,1.716430945389221e-05,4.0381024322344254e-05
793933,1.6039370677042128e-05,3.8052715517536884e-05
793970,1.6039370677042128e-05,3.8052715517536884e-05
794016,-1.2272233721038161e-05,-2.0774280438159624e-05
794474,0.0005424991099919075,0.0009183406314226396
794800,-1.2882118803679147e-05,-2.180660087948483e-05
795021,-9.839282971192742e-06,-2.0989134781346936e-05
795113,-1.2180395546936219e-05,0.00021096726535078572
795125,-1.2882133338774488e-05,-2.1806711357822346e-05
795149,-1.2882133370751407e-05,-2.180671228283908e-05
796080,-1.093829740761232e-05,-1.851619630833038e-05
796609,3.3399734563872365e-05,5.6539981482551884e-05
796987,-1.1541556294607372e-05,-1.9537384686567942e-05
797279,-1.1541556294607372e-05,-1.9537384686567942e-05
797561,-8.735683696197039e-06,-1.1262978980075776e-05
797613,-8.735683696197039e-06,-1.1262978980075776e-05
797799,-7.90639373606847e-06,-9.154232088907943e-06
799768,-1.2882033647905135e-05,-2.1806091077939984e-05
799769,-1.2882033647905135e-05,-2.1806091077939984e-05
799845,-1.2882033647905135e-05,-2.1806091077939984e-05
799846,-1.2882033647905135e-05,-2.1806091077939984e-05
801486,9.121364588348205e-06,2.3734376760365904e-05
801491,0.0019850244118935962,0.0007405378100752439
801494,6.498086005626519e-06,1.100219785821481e-05
801513,0.0002245161310960291,0.0007446400166961533
801539,1.6795272365051598e-05,2.843167925991931e-05
801552,0.0003181478135110467,0.001046966201979188
801557,1.6795272365051598e-05,2.843167925991931e-05
801573,2.3843707332807704e-05,4.0362576987370504e-05
801583,7.881918436036455e-05,0.00016384200698887685
801605,1.8285234448850987e-05,4.270102572064168e-05
801624,2.1399033146848452e-05,4.9145718600058166e-05
801630,2.1399033146848452e-05,4.9145718600058166e-05
801643,2.996932537431081e-05,6.688382778751666e-05
801657,9.816337035121805e-05,0.00016617047173176437
801702,5.1840439212942497e-05,8.775598886451435e-05
801725,7.699755192810745e-05,0.001822571418315895
801730,2.1399033146848452e-05,4.9145718600058166e-05
801758,4.554433796722602e-05,7.70985625885223e-05
801764,2.3843707332807704e-05,4.0362576987370504e-05
801781,9.816337035121805e-05,0.00016617047173176437
801788,1.6545308642862155e-05,3.9099865677835865e-05
801798,2.996932537431081e-05,6.688382778751666e-05
801802,4.549246239245455e-05,9.901238210651487e-05
801810,0.00016101666930167056,3.34586991778295e-05
801863,1.2448993090584248e-05,2.1073670770546305e-05
801871,0.00032323981754562214,0.0010633780106086008
801873,1.6795272365051598e-05,2.843167925991931e-05
801894,4.554433796722602e-05,7.70985625885223e-05
801906,0.00018606988181902115,4.1420611296410314e-05
801919,0.0006526980075236141,0.0011049576436983565
801925,1.6795272365051598e-05,2.843167925991931e-05
802206,0.00022709767154089372,0.0003844317370186195
803099,-1.2055962199310834e-05,-1.913939828046259e-05
804169,0.00010389235767047286,2.2751090601001883e-05
804311,0.00010389235767047286,2.2751090601001883e-05
804424,-5.309306686395541e-06,0.002490245755308391
804456,-1.2055962199310834e-05,-1.913939828046259e-05
804548,-2.187344907611099e-06,1.272169004969261e-05
804914,0.00013651280982677325,2.5672181098254886e-05
804949,0.00022709767154089372,0.0003844317370186195
826231,8.813963173801968e-05,0.00014920231416147206
826280,7.206798936802684e-05,0.0001219963360450175
826823,4.650607689725997e-05,7.872528662241133e-05
826954,4.650607689725997e-05,7.872528662241133e-05
827137,0.0004572694282160229,0.00012760846173330096
827454,5.749495731281576e-05,9.732719632319823e-05
827482,5.749495731281576e-05,9.732719632319823e-05
827550,4.650607689725997e-05,7.872528662241133e-05
827674,4.8035553934611644e-05,0.00010427587070774795
827712,2.2460355787577607e-05,3.8021044570992846e-05
827808,0.00019964902804216477,0.0007306509763218374
827839,0.0010470509009801168,0.00038263381653823764
828817,2.3028361743075524e-05,9.413126319754472e-05
828913,-1.2784671888910858e-05,1.05229807381675e-05
828963,-5.646198888264914e-06,0.00020253160291695837
831183,796.9237926919724,50516.395929455146
833162,0.0001754743544110729,0.00029704679552202643
833356,0.00045429155622366257,0.0007690335970479657
833829,0.00020238231315240483,0.0003425964241696001
834394,0.00045429155622366257,0.0007690335970479657
834752,0.0005738246442822105,0.01816806105919047
835175,0.000310014635905614,0.0005247991885130606
837670,0.0004048390020619963,0.0008427593315518604
844292,2.5975911754982926e-05,0.001543952788287041
844333,5.432661807356822e-05,9.19653484245858e-05
844774,1.0788740633487235e-05,2.718537907863648e-05
844939,0.00013670642194109678,0.0015319629905432555
845155,5.354067902724976e-06,9.06354207182961e-06
845389,5.432661807356822e-05,9.19653484245858e-05
845765,0.00013670642194109678,0.0015319629905432555
845873,3.682670027873323e-05,8.107667694197297e-05
845977,1.302323044507748e-05,0.001022032972763333
846346,84591.34569651942,610.7750711317284
846436,0.0001293987216329875,2.3414268257483972e-05
846500,2.2443362352177765e-05,0.0014016110222443224
847569,2.863287196715936e-05,0.0016510132609887417
847704,2.5975911754982926e-05,0.001543952788287041
847741,0.00013670642194109678,0.0015319629905432555
847890,2.5975911754982926e-05,0.001543952788287041
848203,5.432661807356822e-05,9.19653484245858e-05
848293,1.302323044507748e-05,0.001022032972763333
848468,8.360958744112603e-06,2.2160549225219362e-05
848765,0.0019520731601571624,0.0007279683235668681
849055,2.863287196715936e-05,0.0016510132609887417
849154,-1.1193513648567303e-05,-1.751284024726247e-05
849550,-1.1507676395268354e-05,3.6598693884504833e-06
850184,1.3671731604018718e-05,3.315236448175691e-05
850386,2.2443362352177765e-05,0.0014016110222443224
850645,3.921017912398325e-05,6.63748513597397e-05
850692,0.00013670642194109678,0.0015319629905432555
850854,3.0342939767848405e-05,6.76571051426738e-05
850867,0.0001293987216329875,2.3414268257483972e-05
851051,5.432661807356822e-05,9.19653484245858e-05
851139,0.0001592269647877216,4.977898718578384e-05
852248,2.2443362352177765e-05,0.0014016110222443224
852694,6.853039252307685e-05,0.002502255390994212
853524,7.433869446637581e-06,1.2584231701605348e-05
853527,2.8366588102924682e-05,6.35666096619132e-05
853677,2.818487680495135e-05,4.7712185906841984e-05
854127,5.432661807356822e-05,9.19653484245858e-05
854299,5.432661807356822e-05,9.19653484245858e-05
854604,1.2532942234799513e-05,2.1216337863179157e-05
855145,2.5975911754982926e-05,0.001543952788287041
855199,5.432661807356822e-05,9.19653484245858e-05
855238,-1.2882075147824142e-05,-2.180653076905606e-05
855667,3.5411894517741126e-05,5.994566432077998e-05
856189,4.4254456416907076e-05,9.645005580699622e-05
856198,2.0907471296870852e-05,0.0013397232974504396
856252,2.5975911754982926e-05,0.001543952788287041
856325,-1.288213069470853e-05,-2.180670255942556e-05
856497,3.693587250619282e-05,0.001985577233184335
856592,79156.0371543299,-1637.8433835095998
856687,1.302323044507748e-05,0.001022032972763333
856852,3.682670027873323e-05,8.107667694197297e-05
857127,1.97844539905773e-05,3.3491096460155986e-05
857432,3.736526212678915e-05,0.002002879202088242
857561,0.00013670642194109678,0.0015319629905432555
858126,0.003917027509171331,0.0014777430002275815
858357,4.259253519187508e-05,-3.4754181394938004e-06
858367,-1.2882114307943e-05,-2.180658312009123e-05
858377,4.259253519187508e-05,-3.4754181394938004e-06
858393,4.259253519187508e-05,-3.4754181394938004e-06
858459,4.240931641455803e-05,7.179069483610104e-05
858469,4.127268059180223e-05,6.98665968539062e-05
858479,8.979660282576455e-05,0.00019070956810728236
858539,0.0003774992897823539,0.00014056545629117137
858546,1.3472523221005842e-05,2.280646938743228e-05
858549,5.346913360961888e-05,9.051378485237857e-05
858553,5.620930364246603e-05,9.515238901205674e-05
858563,0.00017309515973783056,0.00029301578945795434
858567,8.414902653223986e-06,1.4244925457220494e-05
858568,4.019878918128234e-05,6.804871266029704e-05
858574,1.8269070522106374e-05,3.0926068293943656e-05
858583,-1.279766440148788e-05,-2.024172270590308e-05
858590,4.218401552258891e-05,7.140930531542463e-05
858595,1.846145204396046e-06,0.00043481917113141364
858603,4.612405568737918e-05,7.807900829246015e-05
858611,3.1094974413475184e-05,5.263776812175182e-05
858618,0.00010126052618171665,0.00017141406733211582
858653,4.92683495350235e-05,8.340167130075061e-05
858665,4.8826915412563775e-05,8.26544112836966e-05
858730,4.92683495350235e-05,8.340167130075061e-05
858732,3.697662805656744e-05,8.138698553156044e-05
858760,1.5304189409842927e-05,3.653109580562481e-05
858772,4.1113284935471184e-05,6.959677176606618e-05
858776,1.8269070522106374e-05,3.0926068293943656e-05
858804,1.3077203385329925e-05,2.2137271669995e-05
858815,5.620930364246603e-05,9.515238901205674e-05
858816,2.3027035144993908e-05,3.8980354413535015e-05
858833,1.3472523221005842e-05,2.280646938743228e-05
858849,5.346913360961888e-05,9.051378485237857e-05
858882,2.48940231176548e-05,4.214079306860866e-05
858890,1.8269070522106374e-05,3.0926068293943656e-05
858902,1.9275331139531923e-05,3.262946702974666e-05
858917,3.697662805656744e-05,8.138698553156044e-05
858930,9.787524815125013e-05,0.0034120452578416806
